{
    "formatVersion": 1,
    "libraries": [
        {
            "downloads": {
                "classifiers": {
                    "natives-linux": {
                        "sha1": "7ff832a6eb9ab6a767f1ade2b548092d0fa64795",
                        "size": 10362,
                        "url": "https://libraries.minecraft.net/net/java/jinput/jinput-platform/2.0.5/jinput-platform-2.0.5-natives-linux.jar"
                    },
                    "natives-osx": {
                        "sha1": "53f9c919f34d2ca9de8c51fc4e1e8282029a9232",
                        "size": 12186,
                        "url": "https://libraries.minecraft.net/net/java/jinput/jinput-platform/2.0.5/jinput-platform-2.0.5-natives-osx.jar"
                    },
                    "natives-windows": {
                        "sha1": "385ee093e01f587f30ee1c8a2ee7d408fd732e16",
                        "size": 155179,
                        "url": "https://libraries.minecraft.net/net/java/jinput/jinput-platform/2.0.5/jinput-platform-2.0.5-natives-windows.jar"
                    }
                }
            },
            "extract": {
                "exclude": [
                    "META-INF/"
                ]
            },
            "name": "net.java.jinput:jinput-platform:2.0.5",
            "natives": {
                "linux": "natives-linux",
                "osx": "natives-osx",
                "windows": "natives-windows"
            }
        },
        {
            "downloads": {
                "artifact": {
                    "sha1": "39c7796b469a600f72380316f6b1f11db6c2c7c4",
                    "size": 208338,
                    "url": "https://libraries.minecraft.net/net/java/jinput/jinput/2.0.5/jinput-2.0.5.jar"
                }
            },
            "name": "net.java.jinput:jinput:2.0.5"
        },
        {
            "downloads": {
                "artifact": {
                    "sha1": "e12fe1fda814bd348c1579329c86943d2cd3c6a6",
                    "size": 7508,
                    "url": "https://libraries.minecraft.net/net/java/jutils/jutils/1.0.0/jutils-1.0.0.jar"
                }
            },
            "name": "net.java.jutils:jutils:1.0.0"
        },
        {
            "downloads": {
                "artifact": {
                    "sha1": "b04f3ee8f5e43fa3b162981b50bb72fe1acabb33",
                    "size": 22,
                    "url": "https://libraries.minecraft.net/org/lwjgl/lwjgl/lwjgl-platform/2.9.3/lwjgl-platform-2.9.3.jar"
                },
                "classifiers": {
                    "natives-linux": {
                        "sha1": "b1eafe80093381c56415731e1d64279e6140bcd0",
                        "size": 578675,
                        "url": "https://libraries.minecraft.net/org/lwjgl/lwjgl/lwjgl-platform/2.9.3/lwjgl-platform-2.9.3-natives-linux.jar"
                    },
                    "natives-osx": {
                        "sha1": "6686cf6ddaa20b4290aa6599a09bc0d17369be05",
                        "size": 426817,
                        "url": "https://libraries.minecraft.net/org/lwjgl/lwjgl/lwjgl-platform/2.9.3/lwjgl-platform-2.9.3-natives-osx.jar"
                    },
                    "natives-windows": {
                        "sha1": "fbc2afb3e288578e9942578decb6291a490549a0",
                        "size": 613744,
                        "url": "https://libraries.minecraft.net/org/lwjgl/lwjgl/lwjgl-platform/2.9.3/lwjgl-platform-2.9.3-natives-windows.jar"
                    }
                }
            },
            "extract": {
                "exclude": [
                    "META-INF/"
                ]
            },
            "name": "org.lwjgl.lwjgl:lwjgl-platform:2.9.3",
            "natives": {
                "linux": "natives-linux",
                "osx": "natives-osx",
                "windows": "natives-windows"
            }
        },
        {
            "downloads": {
                "artifact": {
                    "sha1": "cc356d8bff8be85c23b23a1388b460074c68a7d5",
                    "size": 1042948,
                    "url": "http://files.betacraft.uk/launcher/assets/lwjgl-2.9.3-grayscreenfix.jar"
                }
            },
            "name": "org.lwjgl.lwjgl:lwjgl:2.9.3-grayscreenfix"
        },        
        {
            "downloads": {
                "artifact": {
                    "sha1": "751f06b62424da056954c67288fd5c494431e350",
                    "size": 173911,
                    "url": "https://libraries.minecraft.net/org/lwjgl/lwjgl/lwjgl_util/2.9.3/lwjgl_util-2.9.3.jar"
                }
            },
            "name": "org.lwjgl.lwjgl:lwjgl_util:2.9.3"
        }
    ],
    "name": "LWJGL 2",
    "releaseTime": "2015-01-30T11:58:24+00:00",
    "type": "release",
    "uid": "org.lwjgl",
    "version": "2.9.3",
    "volatile": true
}