{
    "+traits": [
        "no-texturepacks"
    ],
    "appletClass": "com.mojang.minecraft.MinecraftApplet",
    "assetIndex": {
        "sha1": "e5946dfaf6863dd4260533216625fa8eec055f29",
    "totalSize": 8878067,
    "size": 3600,
    "id": "c0.0.22a_01",
    "url": "https://files.betacraft.uk/launcher/v2/assets/indexes/c0.0.22a_01.json"
    },
    "formatVersion": 1,
    "mainJar": {
        "downloads": {
            "artifact": {
                "sha1": "54622801f5ef1bcc1549a842c5b04cb5d5583005",
                "size": 297776,
                "url": "https://launcher.mojang.com/v1/objects/54622801f5ef1bcc1549a842c5b04cb5d5583005/client.jar"
            }
        },
        "name": "com.mojang:minecraft:c0.30_01c:client"
    },
    "name": "Minecraft",
    "minecraftArguments": "--appletClass com.mojang.minecraft.MinecraftApplet --username ${auth_player_name} --sessionid ${auth_session} --frameName ${version_name} --gameDir ${game_directory} --assetsDir ${assets_root} --assetIndex ${assets_index_name} --uuid ${auth_uuid}",
    "mainClass": "uk.betacraft.legacyfix.LegacyFixLauncher",
   
    "releaseTime": "2009-12-22T00:00:00+02:00",
    "requires": [
        {
            "suggests": "2.9.4-nightly-20150209",
            "uid": "org.lwjgl"
        }
    ],
    "type": "old_alpha",
    "uid": "net.minecraft",
    "version": "c0.30_01c"
}
