{
    "components": [
        {
            "cachedName": "LWJGL 2",
            "cachedVersion": "2.9.3",
            "cachedVolatile": true,
            "dependencyOnly": true,
            "uid": "org.lwjgl",
            "version": "2.9.3"
        },
        {
            "cachedName": "Minecraft",
            "cachedRequires": [
                {
                    "suggests": "2.9.4-nightly-20150209",
                    "uid": "org.lwjgl"
                }
            ],
            "cachedVersion": "c0.0.20a_01",
            "important": true,
            "uid": "net.minecraft",
            "version": "c0.0.13a_03"
        }
    ],
    "formatVersion": 1
}
