{
    "+traits": [
    
        "no-texturepacks"
    ],
    "appletClass": "com.mojang.minecraft.MinecraftApplet",
    "assetIndex": {
        "id": "pre-1.6",
        "sha1": "3d8e55480977e32acd9844e545177e69a52f594b",
        "size": 74091,
        "totalSize": 49505710,
        "url": "https://launchermeta.mojang.com/v1/packages/3d8e55480977e32acd9844e545177e69a52f594b/pre-1.6.json"
    },
    "formatVersion": 1,

    "mainJar": {
        "downloads": {
            "artifact": {
                "sha1": "7ba9e63aec8a15a99ecd47900c848cdce8a51a03",
                "size": 66276,
                "url": "https://launcher.mojang.com/v1/objects/7ba9e63aec8a15a99ecd47900c848cdce8a51a03/client.jar"
            }
        },
        "name": "com.mojang:minecraft:c0.0.13a_03:client"
    },
    "name": "Minecraft",
    "minecraftArguments": "--appletClass com.mojang.minecraft.MinecraftApplet --username ${auth_player_name} --sessionid ${auth_session} --frameName ${version_name} --gameDir ${game_directory} --assetsDir ${assets_root} --assetIndex ${assets_index_name} --uuid ${auth_uuid}",
    "mainClass": "uk.betacraft.legacyfix.LegacyFixLauncher",
    "releaseTime": "2009-05-22T00:00:00+02:00",
    "requires": [
        {
            "suggests": "2.9.4-nightly-20150209",
            "uid": "org.lwjgl"
        }
    ],
    "type": "old_alpha",
    "uid": "net.minecraft",
    "version": "c0.0.13a_03"
}
