{
    "+traits": [
        "no-texturepacks"
    ],
    "appletClass": "com.mojang.minecraft.MinecraftApplet",
    "assetIndex": {
       "sha1": "b6a978c44cc93d2d8d9c04e0fd94cdc863fb76b4",
        "totalSize": 8878067,
        "size": 3551,
        "id": "c0.0.22a_01",
        "url": "https://files.betacraft.uk/launcher/v2/assets/indexes/c0.0.22a_01.json"
    },
    "formatVersion": 1,
    "mainJar": {
        "downloads": {
            "artifact": {
                "sha1": "85159cea8663ed720be88ca0ee008a5830b0829a",
                "size": 178817,
                "url": "https://archive.org/download/Minecraft-JE-Classic/c0.0.22a_05/c0.0.22a_05.jar"
            }
        },
        "name": "com.mojang:minecraft:c0.0.22a_05client"
    },
    "name": "Minecraft",
    "releaseTime": "2009-06-29T00:00:00+11:28",
    "minecraftArguments": "--appletClass com.mojang.minecraft.MinecraftApplet --username ${auth_player_name} --sessionid ${auth_session} --frameName ${version_name} --gameDir ${game_directory} --assetsDir ${assets_root} --assetIndex ${assets_index_name} --uuid ${auth_uuid}",
    "mainClass": "uk.betacraft.legacyfix.LegacyFixLauncher",
    "requires": [
        {
            "suggests": "2.9.4-nightly-20150209",
            "uid": "org.lwjgl"
        }
    ],
    "type": "old_alpha",
    "uid": "net.minecraft",
    "version": "c0.0.22a_05"
}