{
    "+traits": [
        "no-texturepacks"
    ],
    "appletClass": "com.mojang.minecraft.MinecraftApplet",
    "assetIndex": {
        "id": "pre-1.6",
        "sha1": "3d8e55480977e32acd9844e545177e69a52f594b",
        "size": 92351,
        "totalSize": 49505710,
        "url": "https://launchermeta.mojang.com/v1/packages/3d8e55480977e32acd9844e545177e69a52f594b/pre-1.6.json"
    },
    "formatVersion": 1,
    "mainJar": {
        "downloads": {
            "artifact": {
                "sha1": "c2f8fddde4691d7c567c0c049ad4d03eb6b9e61c",
                "size": 133751,
                "url": "https://archive.org/download/Minecraft-JE-Classic/c0.0.20a_01/c0.0.20a_01.jar"
            }
        },
        "name": "com.mojang:minecraft:c0.0.20a_01client"
    },
    "name": "Minecraft",
    "releaseTime": "2009-06-20T00:00:00+09:11",
    "minecraftArguments": "--appletClass com.mojang.minecraft.MinecraftApplet --username ${auth_player_name} --sessionid ${auth_session} --frameName ${version_name} --gameDir ${game_directory} --assetsDir ${assets_root} --assetIndex ${assets_index_name} --uuid ${auth_uuid}",
    "mainClass": "uk.betacraft.legacyfix.LegacyFixLauncher",
    "requires": [
        {
            "suggests": "2.9.4-nightly-20150209",
            "uid": "org.lwjgl"
        }
    ],
    "type": "old_alpha",
    "uid": "net.minecraft",
    "version": "c0.0.20a_01"
}